,precision,recall,f1,roc_auc
mean,0.9583280668966168,0.9583813557261429,0.9581196529816489,0.9896401263535249
std,0.006710391311012588,0.006734038492562536,0.0067079073137777875,0.0022611876116583997
