precision,recall,f1,roc_auc,fold
0.9660453554535686,0.9661876584953508,0.9658570076856121,0.9905405532074215,1
0.9494386351126938,0.949238578680203,0.9490435952711206,0.9896081036272835,2
0.9591011711047541,0.9593908629441624,0.9590575157378769,0.9883772404563725,3
0.9540075443769447,0.9543147208121827,0.9540315606760041,0.986840085556166,4
0.9630476284351221,0.9627749576988156,0.9626085855376315,0.9928346489203813,5
