precision,recall,f1_score,roc_auc
0.9592050970239571,0.959404600811908,0.959213273149098,0.9921868863877725
